{
  "vx": {
    "before_mean": 0.32063325643263063,
    "before_std": 0.026149275407233927,
    "peak_value": 0.288039192845181,
    "time_to_peak": 0.09999999999995612,
    "overshoot_pct": -141.06765897454596,
    "rise_time": 0.03999999999999915,
    "settling_time": null,
    "final_value": 0.3479003045343738,
    "ss_error": 0.052099695465626206,
    "target": 0.4
  },
  "wz": {
    "before_mean": -0.01771836734526743,
    "before_std": 0.03904339192793916,
    "peak_value": 0.78916329288666,
    "time_to_peak": 0.8399999999999403,
    "overshoot_pct": -20.71660627127233,
    "rise_time": 0.0799999999999983,
    "settling_time": null,
    "final_value": 0.6216747154824048,
    "ss_error": 0.3783252845175952,
    "target": 1.0
  },
  "torque": {
    "peak": 13.344229698181152,
    "mean_transient": 10.024329147338868,
    "mean_steady": 9.874603700637817
  },
  "pitch": {
    "peak": 2.814015849783042,
    "mean_transient": 0.8660655016890786
  },
  "roll": {
    "peak": 5.101802628129825,
    "mean_transient": 0.7907478660998427
  },
  "fallen": false,
  "scenario": "S2",
  "controller": "ActuatorNet V3"
}