{
  "vx": {
    "before_mean": 0.33083464594964856,
    "before_std": 0.025075762298519315,
    "peak_value": 0.3127278290112144,
    "time_to_peak": 2.4799999999999054,
    "overshoot_pct": -126.1790273281225,
    "rise_time": 0.05999999999999872,
    "settling_time": null,
    "final_value": 0.3684652858220396,
    "ss_error": 0.03153471417796044,
    "target": 0.4
  },
  "wz": {
    "before_mean": -0.011709601593473668,
    "before_std": 0.023494774267994036,
    "peak_value": 0.7705122960142868,
    "time_to_peak": 0.6599999999999442,
    "overshoot_pct": -22.683159636348513,
    "rise_time": 0.1599999999999966,
    "settling_time": null,
    "final_value": 0.6655960329308747,
    "ss_error": 0.33440396706912534,
    "target": 1.0
  },
  "torque": {
    "peak": 13.229140747995709,
    "mean_transient": 9.04781534417146,
    "mean_steady": 8.800464015877338
  },
  "pitch": {
    "peak": 3.8929419403346457,
    "mean_transient": 0.7803041636397644,
    "settling_value": 1.4119356017597744
  },
  "roll": {
    "peak": 2.3961902233034653,
    "mean_transient": 1.3704523495540417,
    "settling_value": 1.1055398652161657
  },
  "fallen": false,
  "scenario": "S2",
  "controller": "PD Only",
  "config": "go2_rma.yaml"
}